{"_timestamp":1.7377213649512992e+09,"_runtime":2053.722898,"_step":401,"batch_loss":0.9837382435798645,"epoch":2,"avg_loss":1.0433083683252335,"_wandb":{"runtime":2472},"batch":399}
